merchant_id,transaction_date,daily_revenue,returning_customer_ratio,avg_settlement_delay_hours,transaction_count,refund_count,business_category,peak_sales_hour
M_LOW,2025-01-01,25960.569836134793,0.19308678494144077,41.94306561430208,22,0,Retail,10
M_LOW,2025-01-02,18864.547977224338,0.15355859499830338,37.34430896292522,12,1,Retail,12
M_LOW,2025-01-03,13029.462391717821,0.1737415096410926,38.28585950273757,10,1,Retail,19
M_LOW,2025-01-04,20266.661919343795,0.17861035431983274,38.404547769345314,14,2,Retail,10
M_LOW,2025-01-05,21709.57522863986,0.19826739078862005,43.40301779650763,14,1,Retail,16
M_LOW,2025-01-06,12792.33572097434,0.18541531251033616,38.19488016331181,24,0,Retail,20
M_LOW,2025-01-07,15581.948703877504,0.2187782316920347,36.42052531153272,12,1,Retail,13
M_LOW,2025-01-08,23875.99756733957,0.13032915295636482,33.46499725952887,9,2,Retail,15
M_LOW,2025-01-09,29426.38549397894,0.3328005045636021,40.79045812069063,23,1,Retail,16
M_LOW,2025-01-10,24123.419474821538,0.11184799223186331,40.97225190818438,13,0,Retail,14
M_LOW,2025-01-11,0.0,0.13166089305568512,41.90891532503551,10,1,Retail,18
M_LOW,2025-01-12,17514.00931874511,0.168826130250752,35.475540131357555,20,0,Retail,14
M_LOW,2025-01-13,34546.068105597515,0.26167484022715287,35.277534139167834,18,1,Retail,10
M_LOW,2025-01-14,24339.63230057161,0.16774401226974378,41.08418681652524,22,1,Retail,14
M_LOW,2025-01-15,18193.593700882608,0.15172211640525127,40.45146723433178,14,0,Retail,20
M_LOW,2025-01-16,30842.389887510108,0.20095001655310749,38.39675063897948,7,1,Retail,11
M_LOW,2025-01-17,21629.045953717836,0.23040448310004807,42.11494393399816,16,1,Retail,16
M_LOW,2025-01-18,18736.914391985847,0.15223267776411478,38.7557060967836,8,1,Retail,17
M_LOW,2025-01-19,16068.497800663969,0.15692009728758355,39.225445604390984,17,1,Retail,16
M_LOW,2025-01-20,23553.44332477491,0.21305276360899447,40.01534036992738,13,0,Retail,12
M_LOW,2025-01-21,6844.810456623734,0.24574421609630062,38.00181813930871,12,0,Retail,15
M_LOW,2025-01-22,8683.318298392851,0.2701979369329647,39.94434758646508,6,0,Retail,8
M_LOW,2025-01-23,19227.4633903884,0.21724511675223643,39.75973799394253,13,1,Retail,9
M_LOW,2025-01-24,0.0,0.2740164280586082,46.476185570089314,21,0,Retail,15
M_LOW,2025-01-25,29492.383364516565,0.15453062726026306,44.2083829328083,7,1,Retail,18
M_LOW,2025-01-26,26149.084788459237,0.22717443456212183,40.08429839004461,9,1,Retail,10
M_LOW,2025-01-27,40479.25944414154,0.24367947078176896,40.02743303722041,13,0,Retail,14
M_LOW,2025-01-28,26436.032388584783,0.15426545343693615,41.86164464788521,14,0,Retail,19
M_LOW,2025-01-29,9949.02329884263,0.23385930327910498,45.616957351962164,16,0,Retail,17
M_LOW,2025-01-30,20156.40679719861,0.2188884795986546,40.18847379919955,17,1,Retail,14
M_LOW,2025-01-31,5156.591469463017,0.13397716934578618,41.56582469685069,16,1,Retail,15
M_LOW,2025-02-01,30247.973437938814,0.2894296928662731,41.70068221236126,14,2,Retail,9
M_LOW,2025-02-02,22097.996143897657,0.13915725538203805,43.1480421769626,21,0,Retail,8
M_LOW,2025-02-03,19941.716664187643,0.18083383468670483,38.61241941939474,9,1,Retail,10
M_LOW,2025-02-04,29864.72191993388,0.2948396491326974,39.263835651991386,11,0,Retail,13
M_LOW,2025-02-05,19862.678630363254,0.22066770438118227,39.57730433659795,19,0,Retail,8
M_LOW,2025-02-06,16824.11800114453,0.33600845832948095,41.87700204329502,10,0,Retail,10
M_LOW,2025-02-07,19861.000162616074,0.20952993525572616,41.820927128705875,13,1,Retail,12
M_LOW,2025-02-08,18510.411333420085,0.23701704089738695,38.64261330296599,18,0,Retail,14
M_LOW,2025-02-09,18665.55200227677,0.11254652829141933,35.975789506161505,6,1,Retail,10
M_LOW,2025-02-10,9393.710765586404,0.2076862552972764,40.174626155338,9,1,Retail,8
M_LOW,2025-02-11,25397.288461864802,0.2889462171942981,37.99916987513046,6,0,Retail,15
M_LOW,2025-02-12,20287.181773590044,0.24359569944061965,44.31206898500058,15,1,Retail,19
M_LOW,2025-02-13,1273.3151307527733,0.3000174044553052,36.39960478680951,21,0,Retail,20
M_LOW,2025-02-14,21798.004596075174,0.2070453684035661,41.06325875535899,5,0,Retail,15
M_LOW,2025-02-15,11416.355488880381,0.23397988744673381,37.80890010484859,16,0,Retail,11
M_LOW,2025-02-16,39965.23747337901,0.16303817842724466,39.678416574516625,12,0,Retail,17
M_LOW,2025-02-17,10738.171066918938,0.28306508653040774,38.9972587265489,13,0,Retail,13
M_LOW,2025-02-18,31344.580281050807,0.26332034276864374,41.131888796381226,23,1,Retail,14
M_LOW,2025-02-19,21038.789774270655,0.17035586337698227,37.95998699764617,13,0,Retail,11
M_LOW,2025-02-20,28389.10858231987,0.2299948316855503,38.55625559852948,4,1,Retail,17
M_LOW,2025-02-21,38516.811822309006,0.26616319035756186,39.61476356038087,12,1,Retail,17
M_LOW,2025-02-22,58244.40005687563,0.20420817605039607,42.917898600696375,22,2,Retail,9
M_LOW,2025-02-23,20837.625019880226,0.180734320156912,40.340552035753745,18,0,Retail,19
M_LOW,2025-02-24,22723.811614632195,0.18645188689161307,41.33886804400576,20,1,Retail,15
M_LOW,2025-02-25,14162.806807371673,0.210379913064286,42.65497140156,12,0,Retail,9
M_LOW,2025-02-26,19658.942508811197,0.11417877770280142,36.871115819191445,21,2,Retail,15
M_LOW,2025-02-27,29754.34542606752,0.23148144209618063,37.51301496723379,12,1,Retail,10
M_LOW,2025-02-28,19749.18087243022,0.2058663691654391,43.83299468736527,12,0,Retail,12
M_LOW,2025-03-01,29173.738823908534,0.14444180936279513,37.41215463530335,18,0,Retail,8
M_LOW,2025-03-02,35665.74568585195,0.20105019208163796,42.04585891388489,13,0,Retail,19
M_LOW,2025-03-03,24704.50267679115,0.1937737376203158,39.39938531280679,25,1,Retail,12
M_LOW,2025-03-04,22422.889301633546,0.1597631657462252,35.67804178357955,16,2,Retail,16
M_LOW,2025-03-05,41763.998910546885,0.22022914475587624,40.27021776094498,15,1,Retail,20
M_LOW,2025-03-06,13934.69271449764,0.1321607257790719,35.25503822315636,15,1,Retail,20
M_LOW,2025-03-07,33852.252060907085,0.17613091347123397,38.007317670086735,21,0,Retail,20
M_LOW,2025-03-08,37739.02537786956,0.15602660798766216,37.624840064033265,9,0,Retail,20
M_LOW,2025-03-09,19777.842368091322,0.1855670680539931,40.96815568101427,10,1,Retail,20
M_LOW,2025-03-10,13523.055688104872,0.12900191835041547,37.45919878825701,14,1,Retail,12
M_LOW,2025-03-11,20835.83197422655,0.24917521531792328,41.420882163182696,15,1,Retail,16
M_LOW,2025-03-12,11578.238689668797,0.1516444472699517,44.31026401764866,11,2,Retail,17
M_LOW,2025-03-13,46277.63519861207,0.15958508573224245,37.48083447345767,12,0,Retail,17
M_LOW,2025-03-14,10917.12691386085,0.15624605885659412,36.023169173492235,11,0,Retail,8
M_LOW,2025-03-15,12256.133489630163,0.11996944954861832,35.45627546855129,18,0,Retail,10
M_LOW,2025-03-16,28903.55619835358,0.27383293127148145,42.10072886008726,14,1,Retail,20
M_LOW,2025-03-17,16283.082758208737,0.14150914839144954,39.676045106940826,22,2,Retail,18
M_LOW,2025-03-18,0.0,0.2676936187082707,39.65638046424215,21,0,Retail,8
M_LOW,2025-03-19,24109.483016090173,0.29557648032547146,40.95861273660614,15,1,Retail,12
M_LOW,2025-03-20,16243.715501402714,0.12004382637312588,35.89422965337443,17,1,Retail,9
M_LOW,2025-03-21,10065.283053011442,0.18480677822845365,40.727001058249336,25,1,Retail,18
M_LOW,2025-03-22,31244.87024378214,0.17153369347256112,41.241138399856226,21,0,Retail,14
M_LOW,2025-03-23,27744.51139502177,0.2684315778766174,37.105229618259685,18,0,Retail,19
M_LOW,2025-03-24,20648.850491125835,0.21201755780387388,42.4700575488369,25,0,Retail,9
M_LOW,2025-03-25,22401.613030081073,0.0914567085934795,38.539856511871754,21,1,Retail,10
M_LOW,2025-03-26,31623.541815528137,0.2322866394361624,43.636469299675305,14,1,Retail,11
M_LOW,2025-03-27,24608.785387271688,0.19836526259529536,33.79767369988037,14,1,Retail,18
M_LOW,2025-03-28,24399.17895316218,0.15300601068363223,38.45839924798992,9,1,Retail,10
M_LOW,2025-03-29,25613.354554492515,0.20075321907894975,35.90300564054903,17,1,Retail,9
M_LOW,2025-03-30,10214.011120538136,0.17204872533830717,35.697733392302425,14,0,Retail,17
M_LOW,2025-03-31,18776.605850241725,0.20210670408709647,41.543766972071616,21,0,Retail,18
M_LOW,2025-04-01,30216.25117520612,0.16898181387322242,37.79076348322706,17,0,Retail,15
M_LOW,2025-04-02,48489.700920807154,0.18446378676914033,38.12042745193437,4,1,Retail,18
M_LOW,2025-04-03,30216.825108545945,0.15060320771017294,40.08586167870348,19,1,Retail,20
M_LOW,2025-04-04,15701.489594110648,0.24509317185089438,37.38625935665521,13,1,Retail,19
M_LOW,2025-04-05,12241.12538908968,0.14592259981928027,45.06142490521769,19,1,Retail,20
M_LOW,2025-04-06,50879.89942532519,0.1687991635555711,41.204681704378,23,1,Retail,19
M_LOW,2025-04-07,15343.16972243103,0.1665799015848366,44.18719580778569,8,1,Retail,15
M_LOW,2025-04-08,0.0,0.198926251881267,38.148728775139375,8,0,Retail,18
M_LOW,2025-04-09,22087.595950034836,0.2453935973621214,39.973628331089934,17,1,Retail,16
M_LOW,2025-04-10,23431.761994259406,0.28915564176875286,43.72591179402957,14,0,Retail,17
M_LOW,2025-04-11,10840.890121489798,0.10975589496677406,35.117372686350514,15,0,Retail,17
M_LOW,2025-04-12,17438.328357111994,0.20692539811942212,42.29275659582707,15,0,Retail,10
M_LOW,2025-04-13,18217.383139915408,0.17962699311823674,38.19409396331085,18,1,Retail,8
M_LOW,2025-04-14,19139.911561310753,0.1488090740255473,43.86521902053547,17,0,Retail,12
M_LOW,2025-04-15,24453.750480455707,0.16980074066420897,40.2597693624187,14,1,Retail,20
M_LOW,2025-04-16,24051.231944902425,0.17940615169387664,38.53718132778252,12,0,Retail,12
M_LOW,2025-04-17,27840.79685497864,0.13544378055256473,39.17786692830691,18,1,Retail,9
M_LOW,2025-04-18,16998.528787105864,0.265052621658115,37.97076093854788,3,0,Retail,14
M_LOW,2025-04-19,43976.59450744433,0.12102396213437032,36.368496522791894,6,1,Retail,12
M_LOW,2025-04-20,22827.374697302792,0.23854325969434836,35.564241262660474,20,0,Retail,20
M_LOW,2025-04-21,40469.89831205223,0.19838348745374432,42.484460471170316,20,1,Retail,8
M_LOW,2025-04-22,20858.79484663271,0.17611712766174417,41.43693947723918,16,0,Retail,13
M_LOW,2025-04-23,0.0,0.23379043650220405,46.771594843279416,10,1,Retail,15
M_LOW,2025-04-24,14871.104690606295,0.17236771133264972,42.891550956146084,19,1,Retail,10
M_LOW,2025-04-25,40473.967680772534,0.22585078650589802,43.54592214586544,16,2,Retail,15
M_LOW,2025-04-26,0.0,0.27480221557445916,41.96309696906217,14,0,Retail,20
M_LOW,2025-04-27,30414.188439958187,0.15317429912516317,37.3734249195644,16,2,Retail,12
M_LOW,2025-04-28,22602.33244379526,0.22210583326567365,40.750731797720945,9,1,Retail,13
M_LOW,2025-04-29,16048.715515330185,0.17648592766352783,38.79264667411949,12,1,Retail,8
M_LOW,2025-04-30,20668.698947464334,0.2547095759235474,34.92260611085554,22,0,Retail,16
M_LOW,2025-05-01,27394.58980361673,0.1684793687985183,37.25427586001091,16,0,Retail,17
M_LOW,2025-05-02,17241.44514264336,0.23140700067403347,43.810376639727146,10,0,Retail,18
M_LOW,2025-05-03,25660.25726237409,0.1235117848413596,43.116478435335786,11,0,Retail,17
M_LOW,2025-05-04,16773.335713342032,0.1446737045629165,47.72007940974958,15,0,Retail,14
M_LOW,2025-05-05,36196.45552772834,0.1835191329096796,38.655918580599305,4,1,Retail,20
M_LOW,2025-05-06,50839.12207628401,0.14464477726999894,44.16574680712086,1,0,Retail,9
M_LOW,2025-05-07,39100.60787825787,0.19910382132190732,39.10408662460445,11,0,Retail,10
M_LOW,2025-05-08,3109.8596633861453,0.16110916562045624,36.66827246360251,23,0,Retail,19
M_LOW,2025-05-09,34666.44015449524,0.09128382179566766,37.688433367497694,11,1,Retail,15
M_LOW,2025-05-10,21184.949331648015,0.1934827427006396,41.5014325582619,9,0,Retail,9
M_LOW,2025-05-11,34997.66383293459,0.22101622935922605,39.172571303194026,9,0,Retail,9
M_LOW,2025-05-12,23913.596266905417,0.13744432118073485,42.7720810576207,14,1,Retail,11
M_LOW,2025-05-13,32061.22594759587,0.1746281357046009,39.012007005040594,14,1,Retail,12
M_LOW,2025-05-14,34960.33683835504,0.09150611564795708,34.739591751248014,12,2,Retail,13
M_LOW,2025-05-15,15739.612068239308,0.2128736617291329,40.853417767508624,15,0,Retail,8
M_LOW,2025-05-16,47341.74473826087,0.0607997885598989,42.609221320685236,20,0,Retail,16
M_LOW,2025-05-17,22050.3852575353,0.19080083318236604,40.05530179919618,16,0,Retail,14
M_LOW,2025-05-18,31402.14175434281,0.22697862032000715,44.04023793592299,15,1,Retail,9
M_LOW,2025-05-19,44066.88854767944,0.2358795789896525,38.592556839415195,17,0,Retail,12
M_LOW,2025-05-20,9214.40110109043,0.15451830512550138,37.28026398094288,19,1,Retail,12
M_LOW,2025-05-21,0.0,0.13602115166321493,38.12554426691296,15,0,Retail,18
M_LOW,2025-05-22,17299.929159555497,0.2603796085215131,40.69146164381051,17,1,Retail,13
M_LOW,2025-05-23,44975.775881181704,0.18477231807563713,40.285962420843155,15,0,Retail,11
M_LOW,2025-05-24,5216.502491047742,0.20726133885646736,40.70799927003199,16,2,Retail,18
M_LOW,2025-05-25,33791.27991542811,0.16484117874370563,39.895034528509115,23,1,Retail,17
M_LOW,2025-05-26,10436.582770705398,0.19621145863892733,39.07664314996056,11,1,Retail,8
M_LOW,2025-05-27,4167.825330351134,0.1886877390495662,43.1937060340801,15,1,Retail,12
M_LOW,2025-05-28,29657.638144805664,0.24651266729767707,40.11922508773128,15,1,Retail,19
M_LOW,2025-05-29,25155.41862959103,0.21038438435815557,40.81473651158612,8,2,Retail,12
M_LOW,2025-05-30,10168.82727734237,0.23078543745822702,39.411992106273004,10,1,Retail,11
M_LOW,2025-05-31,14414.597811151358,0.24432587062845273,35.78452023290662,17,0,Retail,9
M_LOW,2025-06-01,20955.89429033104,0.2506658018027677,33.75994731745929,8,1,Retail,15
M_LOW,2025-06-02,37363.73461224479,0.20982773882557876,43.0955336184059,7,1,Retail,17
M_LOW,2025-06-03,17382.753219512684,0.24979287643592474,40.768484375301476,14,0,Retail,20
M_LOW,2025-06-04,28560.79508246535,0.20235086065618726,43.66951285177437,11,0,Retail,12
M_LOW,2025-06-05,51172.455718812605,0.16748145279649868,37.966872983124865,7,0,Retail,14
M_LOW,2025-06-06,40852.753144933515,0.20842380797074925,39.97340793203087,14,0,Retail,9
M_LOW,2025-06-07,7950.310798975186,0.16161012174479358,39.895945337839656,16,0,Retail,15
M_LOW,2025-06-08,12217.377727287552,0.24009286660200835,40.82201735525671,15,1,Retail,15
M_LOW,2025-06-09,47716.67306487424,0.16680515432266674,43.50130874315091,23,1,Retail,17
M_LOW,2025-06-10,18461.46168685867,0.17494300163607152,41.405690480114565,17,1,Retail,14
M_LOW,2025-06-11,37046.05097587826,0.1714626853125262,37.502933280687316,17,1,Retail,13
M_LOW,2025-06-12,36539.29743602869,0.23417928726005416,39.600825745986796,20,0,Retail,18
M_LOW,2025-06-13,26521.9892334721,0.25418048269527355,37.448330624013416,15,0,Retail,13
M_LOW,2025-06-14,30609.210038710153,0.15246581042973367,37.47727360585643,14,0,Retail,20
M_LOW,2025-06-15,30889.93722100707,0.201794727488385,45.595009701992424,19,1,Retail,20
M_LOW,2025-06-16,27007.138223911566,0.18203539546064704,41.771964492076926,20,1,Retail,18
M_LOW,2025-06-17,14425.916893970145,0.15248345159016408,40.953415507605655,11,0,Retail,12
M_LOW,2025-06-18,15556.11957683244,0.15832205063603666,37.9313790367589,17,1,Retail,20
M_LOW,2025-06-19,17291.436229168,0.20017073755892054,42.45325808762815,7,2,Retail,8
M_LOW,2025-06-20,16602.691985176956,0.15589863293962858,38.82718429100432,11,0,Retail,16
M_LOW,2025-06-21,18856.453611356574,0.21395107628851698,41.82368952914962,15,0,Retail,11
M_LOW,2025-06-22,26223.675771362803,0.16876466384189484,42.2557078540981,19,0,Retail,13
M_LOW,2025-06-23,14238.41758764979,0.20639013486833915,41.1013068003642,12,0,Retail,18
M_LOW,2025-06-24,14610.034294693245,0.25633765959631016,38.29694868198373,18,0,Retail,9
M_LOW,2025-06-25,2623.8331950050706,0.0900597021689959,41.32004335016,12,1,Retail,11
M_LOW,2025-06-26,25564.686288685185,0.228890844544057,38.5470724582409,13,1,Retail,19
M_LOW,2025-06-27,0.0,0.17166652937449473,43.490456374093775,10,1,Retail,10
M_LOW,2025-06-28,20890.474565601864,0.18852986986348239,42.851508265847876,13,0,Retail,15
M_LOW,2025-06-29,14972.958569017443,0.17591133685075802,44.87955841509905,2,0,Retail,20
M_MED,2025-01-01,53930.4233940294,0.43545018787942563,24.73079291713832,22,0,Retail,8
M_MED,2025-01-02,21477.48934661406,0.4303082545305728,20.53968765189899,16,0,Retail,13
M_MED,2025-01-03,18171.90705007423,0.4282350531268078,23.09618489411993,19,0,Retail,15
M_MED,2025-01-04,89256.45268090916,0.3807469869070247,25.98548611038945,14,0,Retail,18
M_MED,2025-01-05,65716.00317301665,0.42127287808924824,22.09907157061236,14,0,Retail,16
M_MED,2025-01-06,43532.875754275825,0.4023801775907176,20.582474865876975,14,0,Retail,15
M_MED,2025-01-07,32473.626640516373,0.4018830116583969,24.19244160495583,14,0,Retail,13
M_MED,2025-01-08,62642.32202536756,0.35106166760693736,26.05567320371931,15,0,Retail,18
M_MED,2025-01-09,51192.60739840348,0.36765316111472135,27.09466994084077,16,0,Retail,11
M_MED,2025-01-10,70991.05430638671,0.37323823942197165,28.952182196902978,15,0,Retail,10
M_MED,2025-01-11,83712.96602838329,0.3769852277903077,30.196645757456942,20,0,Retail,10
M_MED,2025-01-12,29368.47506259684,0.37353508812268904,26.856059643543716,20,0,Retail,9
M_MED,2025-01-13,60119.82219919069,0.30012943282702464,22.469880536381858,14,0,Retail,20
M_MED,2025-01-14,44852.4692515331,0.31657079630612056,26.197669367815838,18,0,Retail,11
M_MED,2025-01-15,77688.84223371293,0.43787278746585206,25.08579033015503,22,0,Retail,10
M_MED,2025-01-16,18763.862772090568,0.5000868551265067,24.68382422368802,23,1,Retail,9
M_MED,2025-01-17,61995.67711929458,0.45667733872513533,21.16833860223075,7,0,Retail,12
M_MED,2025-01-18,37488.74596980941,0.41979017667187046,26.482090558848217,16,0,Retail,19
M_MED,2025-01-19,54612.8182052873,0.28376603637567654,22.888907523902184,14,0,Retail,13
M_MED,2025-01-20,46865.392035549485,0.45312007549375605,18.296720673057393,16,0,Retail,13
M_MED,2025-01-21,23498.470581279056,0.4536526079501564,28.141027523929942,13,0,Retail,8
M_MED,2025-01-22,40645.97597376217,0.4173251940865358,24.85923826336245,17,0,Retail,10
M_MED,2025-01-23,11626.504859363646,0.3671113619722156,30.853102894060058,12,0,Retail,12
M_MED,2025-01-24,62978.48421013991,0.3304001831405995,22.484837526646345,17,0,Retail,16
M_MED,2025-01-25,17265.50017401318,0.46028457300407155,29.48406572609314,15,0,Retail,15
M_MED,2025-01-26,70605.66908063684,0.4119394579513257,24.22287356253789,14,0,Retail,9
M_MED,2025-01-27,43567.53727908074,0.37744974849350366,25.447531781034808,12,0,Retail,12
M_MED,2025-01-28,46200.11225635241,0.4224195146807931,23.233709391379612,15,0,Retail,12
M_MED,2025-01-29,89433.37500923633,0.38934323316663394,25.203260718286487,17,0,Retail,18
M_MED,2025-01-30,91767.49409561456,0.39302051859224135,28.32454845021255,9,0,Retail,14
M_MED,2025-01-31,42111.56305842959,0.37863571871961343,22.837628743190685,17,0,Retail,13
M_MED,2025-02-01,66103.85349561897,0.33905137387319373,24.84511458312319,15,0,Retail,9
M_MED,2025-02-02,69259.3105822826,0.41538103777255264,23.653237517170613,15,1,Retail,11
M_MED,2025-02-03,28466.789836446686,0.4334203980471183,21.73122070511604,23,0,Retail,17
M_MED,2025-02-04,30199.475273874767,0.3779996304502299,20.15959401919479,19,1,Retail,16
M_MED,2025-02-05,56427.14430900546,0.42109603771176424,29.841133807175943,17,1,Retail,20
M_MED,2025-02-06,68029.49259895572,0.39305687064026645,23.907392549536187,18,1,Retail,8
M_MED,2025-02-07,52409.99917578602,0.34856628334354584,21.165932249690872,6,0,Retail,19
M_MED,2025-02-08,94243.8261876937,0.45559938569053227,18.546311146387993,23,0,Retail,18
M_MED,2025-02-09,82840.30320272737,0.4504908544671317,22.93554896446683,26,0,Retail,17
M_MED,2025-02-10,17386.532651694713,0.408548548578411,17.75064470436253,12,0,Retail,9
M_MED,2025-02-11,53588.33625662538,0.49103901883576784,24.18820032500989,21,1,Retail,12
M_MED,2025-02-12,44946.28623998072,0.4196042264850435,24.433309936646573,17,0,Retail,20
M_MED,2025-02-13,59233.938362484245,0.5173523741686366,26.567255839847697,16,0,Retail,15
M_MED,2025-02-14,68366.33212004625,0.32147496981884116,22.031115590288987,19,0,Retail,16
M_MED,2025-02-15,28827.21301205837,0.4031582729653587,25.987947355455326,16,0,Retail,15
M_MED,2025-02-16,38664.09653907802,0.42641627171051416,24.56846268726411,18,0,Retail,13
M_MED,2025-02-17,38420.734896116584,0.40318441968258084,26.415883999739826,15,0,Retail,13
M_MED,2025-02-18,100920.9666680895,0.42065282668930915,26.737870432914654,20,0,Retail,16
M_MED,2025-02-19,25122.735292174297,0.36535474011020463,22.844778203292407,19,1,Retail,19
M_MED,2025-02-20,70576.76590825623,0.4284896905951885,23.296734810477417,17,0,Retail,12
M_MED,2025-02-21,60487.25494505821,0.36325447927611004,23.93767707565604,17,0,Retail,12
M_MED,2025-02-22,74491.68875252287,0.4811698281149523,20.38915611992104,16,0,Retail,20
M_MED,2025-02-23,63339.6080687632,0.3225234365210744,23.14656196223015,24,0,Retail,16
M_MED,2025-02-24,61379.66158370551,0.48141983115642695,23.862616777037537,13,0,Retail,8
M_MED,2025-02-25,17369.98357231671,0.4790477147451601,20.688499717773123,8,0,Retail,20
M_MED,2025-02-26,34819.19105582703,0.40167293854961517,23.134545098480825,18,0,Retail,13
M_MED,2025-02-27,83792.73995389394,0.4435288107907121,24.260473922337578,7,0,Retail,9
M_MED,2025-02-28,83451.44773675407,0.4209509504683023,22.88496443272477,14,0,Retail,11
M_MED,2025-03-01,52209.810773989375,0.41889807299684373,22.972041181076808,17,0,Retail,16
M_MED,2025-03-02,3288.5455166674437,0.37503513802140015,22.740105326984327,18,0,Retail,11
M_MED,2025-03-03,35016.4151874174,0.4112671376844534,23.41759202915843,16,1,Retail,13
M_MED,2025-03-04,44183.878397119246,0.3796088456965728,21.529750988991832,7,0,Retail,16
M_MED,2025-03-05,13275.892537934065,0.4253995663456272,21.68990018147838,4,0,Retail,14
M_MED,2025-03-06,58980.219268378714,0.3734746188530922,30.06907124007617,24,0,Retail,19
M_MED,2025-03-07,41228.25587485409,0.4583151373618395,26.705323018768464,17,0,Retail,16
M_MED,2025-03-08,41317.79641008039,0.37281102833883306,25.26194492202569,17,1,Retail,9
M_MED,2025-03-09,49499.46082509712,0.44088831496001435,29.17062264705194,17,0,Retail,10
M_MED,2025-03-10,34009.221575346324,0.41757739794129445,27.852388901008446,1,0,Retail,20
M_MED,2025-03-11,60155.153406230005,0.40269942092228966,19.59277327751735,11,0,Retail,9
M_MED,2025-03-12,64515.33646326065,0.3770521557087714,20.03070140448655,21,0,Retail,12
M_MED,2025-03-13,45731.14258139584,0.47453630684249765,25.446002371606333,13,1,Retail,10
M_MED,2025-03-14,35817.472301961745,0.44272303133973473,26.645589575604323,10,0,Retail,11
M_MED,2025-03-15,19314.02747231083,0.44562176246295837,26.498580955286226,26,0,Retail,12
M_MED,2025-03-16,47429.85038288389,0.4494684719141066,23.478676317602176,9,0,Retail,14
M_MED,2025-03-17,67572.87019452086,0.4381099200396106,24.9103285782931,14,0,Retail,13
M_MED,2025-03-18,57739.305977090844,0.46838286657350736,22.01963132182997,17,0,Retail,20
M_MED,2025-03-19,49693.80301654009,0.42896457498005447,25.35874110524246,10,0,Retail,11
M_MED,2025-03-20,36261.68488415025,0.3770891740349713,27.197035163264935,8,1,Retail,20
M_MED,2025-03-21,32503.59239847762,0.2861813245703999,25.854669677716597,16,1,Retail,8
M_MED,2025-03-22,59300.90922030364,0.4083326414281757,25.975530389587192,14,0,Retail,15
M_MED,2025-03-23,93146.16426531007,0.3697142538498331,27.22628611602792,16,0,Retail,8
M_MED,2025-03-24,50640.08298131533,0.36232910648269084,26.37991642881735,11,0,Retail,12
M_MED,2025-03-25,65861.12761314858,0.46138761299096503,24.63095822992927,15,0,Retail,11
M_MED,2025-03-26,33950.145335767054,0.46494056624235264,22.057247671119107,8,0,Retail,14
M_MED,2025-03-27,37782.20216862822,0.45972659372532226,28.732101844404585,3,1,Retail,15
M_MED,2025-03-28,69920.95371611633,0.362160245571527,20.73456799977447,22,0,Retail,8
M_MED,2025-03-29,32772.325952865125,0.35597690175887975,27.886598063785353,14,0,Retail,11
M_MED,2025-03-30,79112.37380162234,0.48996357875095,27.237403753181212,17,0,Retail,18
M_MED,2025-03-31,33419.25083293584,0.41008502799582736,27.580612726061453,4,0,Retail,9
M_MED,2025-04-01,45574.92752828456,0.386159335005554,25.922220093427303,19,0,Retail,14
M_MED,2025-04-02,43000.43745691166,0.42747373962493673,31.3868396672368,18,0,Retail,15
M_MED,2025-04-03,57449.9141958,0.4799561167574688,28.374395933779574,11,0,Retail,19
M_MED,2025-04-04,57993.75903505283,0.36743215531040857,23.41414995475073,17,0,Retail,15
M_MED,2025-04-05,30525.00704083848,0.31136949358420896,27.410337437096747,19,0,Retail,13
M_MED,2025-04-06,86227.50057329962,0.43117744284508186,25.985956481119626,19,0,Retail,15
M_MED,2025-04-07,44990.63922016179,0.3990188257094763,27.48536354708532,10,2,Retail,15
M_MED,2025-04-08,54900.371909209345,0.3901285230678981,21.119392769219008,20,0,Retail,14
M_MED,2025-04-09,80890.52007356187,0.4472596863506797,27.05969801845469,3,0,Retail,17
M_MED,2025-04-10,34302.033738355196,0.43241402169219295,24.637155554176655,17,0,Retail,10
M_MED,2025-04-11,47878.761819239226,0.46109985604867515,21.786237550921822,15,0,Retail,11
M_MED,2025-04-12,61781.138948117354,0.41693602514348177,19.903452400589064,22,0,Retail,15
M_MED,2025-04-13,42120.372733951575,0.37940869228405405,20.66632766942561,6,1,Retail,20
M_MED,2025-04-14,38715.04802685223,0.40922756515985187,29.626329857703627,25,0,Retail,15
M_MED,2025-04-15,70481.25051622925,0.4296263474600592,27.33508322849991,12,0,Retail,10
M_MED,2025-04-16,46596.307549501435,0.37733859753363624,27.089162342370145,19,0,Retail,10
M_MED,2025-04-17,27166.2177173299,0.3903170270360141,22.849533038191584,5,0,Retail,11
M_MED,2025-04-18,65461.99883077743,0.44411078912334045,22.362847344472332,12,0,Retail,11
M_MED,2025-04-19,43007.756264443924,0.413083148634824,28.442227990574818,13,0,Retail,16
M_MED,2025-04-20,57123.33754449685,0.4024337419163413,26.535213007237015,10,0,Retail,13
M_MED,2025-04-21,52817.72493822408,0.31157803172185744,25.969503142554345,14,0,Retail,17
M_MED,2025-04-22,60272.00213139433,0.37336495801690445,21.490249492869136,1,0,Retail,11
M_MED,2025-04-23,51998.110878048195,0.4072980804856575,23.607038966507602,13,0,Retail,11
M_MED,2025-04-24,57069.65811897333,0.4060752505700858,22.070874186149886,10,0,Retail,19
M_MED,2025-04-25,28614.988120956838,0.30317406327459423,23.559392877558945,18,0,Retail,11
M_MED,2025-04-26,1515.1947945411666,0.4442022698180525,27.2105316912773,13,0,Retail,15
M_MED,2025-04-27,28737.819267010716,0.40690435765668154,24.224797839378496,19,1,Retail,15
M_MED,2025-04-28,67692.13579725385,0.3540409930639642,21.66880144811194,17,0,Retail,10
M_MED,2025-04-29,56141.29033140486,0.39342985469888814,22.53064581595576,14,0,Retail,8
M_MED,2025-04-30,29683.56362043206,0.4030839924923986,26.28644950099172,18,0,Retail,13
M_MED,2025-05-01,93474.76746936477,0.44701608102704404,26.653959174283127,12,0,Retail,12
M_MED,2025-05-02,41032.39561892235,0.5005004644650001,30.3095872620309,9,0,Retail,15
M_MED,2025-05-03,43955.006481569595,0.4111755553164583,25.217132758843103,14,0,Retail,8
M_MED,2025-05-04,37080.71641750929,0.36004039966748735,23.551769433453902,10,0,Retail,13
M_MED,2025-05-05,30519.27553764246,0.4229748653035346,29.747781896444778,16,0,Retail,9
M_MED,2025-05-06,48779.131490600084,0.3632070775338583,25.250041212979728,19,0,Retail,13
M_MED,2025-05-07,33932.72407879458,0.29350115622085265,22.559936056633248,13,0,Retail,18
M_MED,2025-05-08,52265.40821075529,0.32808610108413166,27.757686803725612,11,0,Retail,12
M_MED,2025-05-09,70993.0835572069,0.33097283273762956,16.721207802181347,20,0,Retail,9
M_MED,2025-05-10,66676.14678318729,0.3786122156476624,24.20335948594473,17,1,Retail,8
M_MED,2025-05-11,41471.45949773665,0.404483112555413,29.068234440420124,11,1,Retail,12
M_MED,2025-05-12,91250.4983848629,0.34662335428728636,25.072658370018274,22,1,Retail,20
M_MED,2025-05-13,28752.129437062405,0.42141535486038245,24.438567204986352,19,0,Retail,18
M_MED,2025-05-14,37931.55402480555,0.41385313752187564,23.42801027963393,8,1,Retail,19
M_MED,2025-05-15,55419.490776923856,0.4152096459776711,30.42362847639757,16,0,Retail,18
M_MED,2025-05-16,55534.180878099694,0.43660702817425584,21.671063486437728,10,1,Retail,19
M_MED,2025-05-17,30013.955354101785,0.37476125393858917,27.521860079513658,17,0,Retail,12
M_MED,2025-05-18,67141.83993974046,0.3915549609846281,22.647892375018078,18,0,Retail,14
M_MED,2025-05-19,19631.021120705198,0.46219264662931575,24.69093039580835,21,1,Retail,10
M_MED,2025-05-20,43648.536023525245,0.3662269277572111,26.408677508058783,9,2,Retail,14
M_MED,2025-05-21,67425.94594914488,0.3327010159876626,25.379138738639234,24,0,Retail,12
M_MED,2025-05-22,60278.1569931783,0.40897908909697994,26.051890297820677,17,0,Retail,20
M_MED,2025-05-23,55644.15285779869,0.43732800478405354,23.862010240485013,9,0,Retail,11
M_MED,2025-05-24,30962.990506507518,0.3848191647346121,28.922736432279947,13,0,Retail,8
M_MED,2025-05-25,45562.78192409388,0.42108422341322227,23.694333301598114,18,1,Retail,17
M_MED,2025-05-26,66868.28618791999,0.42476064765620564,25.11659668614569,15,0,Retail,19
M_MED,2025-05-27,39280.731097719035,0.4404028899140573,26.10186194020402,24,0,Retail,16
M_MED,2025-05-28,49611.60788224535,0.38484101085828626,27.39982570582615,6,0,Retail,18
M_MED,2025-05-29,63112.20796505783,0.47638618097618823,23.92869289057678,18,0,Retail,15
M_MED,2025-05-30,64686.093511229934,0.36753343440398034,25.24936739697004,12,2,Retail,9
M_MED,2025-05-31,87213.68891741076,0.44296550488467223,22.575574436778194,11,0,Retail,12
M_MED,2025-06-01,69503.95259564859,0.4250547084969923,25.56874484979623,20,0,Retail,15
M_MED,2025-06-02,36918.486337451526,0.3084683551571772,26.53360779857494,21,1,Retail,20
M_MED,2025-06-03,78643.40287049266,0.3864237762254309,29.20469721254598,20,0,Retail,11
M_MED,2025-06-04,44868.24139635653,0.27986230325501565,26.272702779135695,15,0,Retail,14
M_MED,2025-06-05,68137.15390251469,0.38922508988400656,27.419692530042997,16,0,Retail,17
M_MED,2025-06-06,21873.650726563323,0.3958447213685653,20.485838877906993,18,0,Retail,20
M_MED,2025-06-07,73180.30489794313,0.4060558999168603,23.545098887503087,18,0,Retail,12
M_MED,2025-06-08,59602.922724447395,0.5365433616611784,26.132052108289688,14,0,Retail,12
M_MED,2025-06-09,66994.33512809222,0.37123551450486153,28.114718778597272,15,0,Retail,14
M_MED,2025-06-10,88023.81371506015,0.396966959309269,22.87477969926861,7,0,Retail,19
M_MED,2025-06-11,56876.89646248599,0.4384448681612237,27.52447811341257,9,0,Retail,17
M_MED,2025-06-12,52897.35329315111,0.3692613567421541,22.875134612195012,16,0,Retail,11
M_MED,2025-06-13,32237.042085452467,0.3846559425656314,29.564195493495767,12,0,Retail,17
M_MED,2025-06-14,72689.61040168637,0.3593797500505118,30.346234954184443,9,0,Retail,10
M_MED,2025-06-15,48028.23735431476,0.4009424811472424,27.12464326976967,16,0,Retail,19
M_MED,2025-06-16,59032.65403299193,0.346255047134544,25.62973626892561,23,1,Retail,15
M_MED,2025-06-17,61175.395691212536,0.44587726033320607,17.642779229703212,22,0,Retail,17
M_MED,2025-06-18,46507.2429638014,0.32574889208595514,28.143826185256426,13,0,Retail,20
M_MED,2025-06-19,31122.98589152565,0.3452706730223536,24.20269124051805,22,0,Retail,10
M_MED,2025-06-20,93816.50319745504,0.33107353249783766,23.922932308432642,16,1,Retail,17
M_MED,2025-06-21,44551.44597511418,0.3962544577672491,26.73051450362378,3,0,Retail,19
M_MED,2025-06-22,27885.906630281286,0.3892539484855633,24.075897147442777,18,0,Retail,20
M_MED,2025-06-23,3009.433860162688,0.4167249600889059,26.309275388479236,21,0,Retail,12
M_MED,2025-06-24,74442.46604746107,0.40555860801447685,29.543910719741074,25,0,Retail,8
M_MED,2025-06-25,49080.599841657095,0.3426667642739548,25.01647765073018,12,1,Retail,11
M_MED,2025-06-26,47714.24088796229,0.3921351287399549,24.5544173429151,18,0,Retail,13
M_MED,2025-06-27,44824.07874665795,0.47993235852523586,26.682758343823718,13,0,Retail,17
M_MED,2025-06-28,40504.52709032584,0.2856641025892253,25.37725351760626,14,0,Retail,20
M_MED,2025-06-29,19206.669614533603,0.32568614850248534,26.58687380917756,4,0,Retail,8
M_GOOD,2025-01-01,67175.36010897925,0.6061664537195269,16.969443635505275,12,0,Retail,9
M_GOOD,2025-01-02,75819.8924656517,0.5689576200874442,14.495568544245632,12,0,Retail,19
M_GOOD,2025-01-03,93074.97417143935,0.6630103703039419,15.87978630974039,9,2,Retail,20
M_GOOD,2025-01-04,86304.83235321418,0.716708179006352,15.875585286000044,19,0,Retail,17
M_GOOD,2025-01-05,120939.30882728679,0.5856446653734875,15.254348593931876,14,0,Retail,13
M_GOOD,2025-01-06,94567.31390690232,0.6233846585882716,18.25735897481804,15,0,Retail,18
M_GOOD,2025-01-07,77786.47196343463,0.6037836147023617,13.91506416694303,24,0,Retail,13
M_GOOD,2025-01-08,87756.87966857766,0.5413704195573629,14.959584535004526,16,1,Retail,14
M_GOOD,2025-01-09,63934.98530326759,0.5578628704992529,16.919361995386613,11,0,Retail,18
M_GOOD,2025-01-10,86007.11793738675,0.633720062074716,16.609174116853378,16,0,Retail,19
M_GOOD,2025-01-11,99380.2037108281,0.6322607792975028,16.666813398010344,15,0,Retail,16
M_GOOD,2025-01-12,65076.36082749714,0.6481544499106516,12.653192939021016,9,0,Retail,12
M_GOOD,2025-01-13,131998.3992771354,0.609614133719952,20.871190921624923,13,0,Retail,13
M_GOOD,2025-01-14,130315.37471870157,0.6230035303173719,18.253581139485263,17,0,Retail,10
M_GOOD,2025-01-15,107156.25081676956,0.6256542710048646,17.17528736054399,17,0,Retail,12
M_GOOD,2025-01-16,98401.05841665788,0.6242981141463635,16.04751762093557,18,0,Retail,14
M_GOOD,2025-01-17,75235.65606992337,0.5987986070959698,10.079200082324052,6,0,Retail,10
M_GOOD,2025-01-18,127970.00270356427,0.6392300159218354,20.175351996775717,18,0,Retail,10
M_GOOD,2025-01-19,55914.93599483186,0.6106646853686469,15.003616426086673,10,0,Retail,13
M_GOOD,2025-01-20,61063.92244135847,0.5618637610716892,12.692572950638105,10,0,Retail,15
M_GOOD,2025-01-21,104930.54715477147,0.5903086930613598,14.206455476068168,4,0,Retail,16
M_GOOD,2025-01-22,82683.68001787149,0.5308566511372887,12.894877205625376,17,0,Retail,17
M_GOOD,2025-01-23,122409.20126719537,0.6619473176469719,15.628978245823877,12,0,Retail,19
M_GOOD,2025-01-24,76194.24101755701,0.5482949405271534,16.571313329498683,6,0,Retail,18
M_GOOD,2025-01-25,76701.548362856,0.6444958166282584,9.499976506480701,14,0,Retail,9
M_GOOD,2025-01-26,72642.69648438538,0.6467940778135858,12.38919734945708,13,0,Retail,20
M_GOOD,2025-01-27,84097.89510276748,0.6077595341929489,17.475294794002906,10,0,Retail,18
M_GOOD,2025-01-28,86949.91372529938,0.6074798739036776,18.208824786473944,15,0,Retail,9
M_GOOD,2025-01-29,87127.29788715007,0.6472485832694366,14.321217386478745,18,1,Retail,12
M_GOOD,2025-01-30,103285.44674837371,0.6055444739443884,16.384537215047427,19,0,Retail,12
M_GOOD,2025-01-31,107377.15472264108,0.6618065360903109,15.265972772884313,15,0,Retail,12
M_GOOD,2025-02-01,130340.42224237316,0.5794859282014502,7.724357166382197,14,1,Retail,10
M_GOOD,2025-02-02,64053.32289102401,0.5895273717175462,10.786307228791074,7,0,Retail,16
M_GOOD,2025-02-03,93958.50871090681,0.5336952470476571,19.864800299298963,11,0,Retail,13
M_GOOD,2025-02-04,108704.01217356484,0.596211785673227,17.01144185172364,9,0,Retail,9
M_GOOD,2025-02-05,102111.95189371413,0.5917791779769309,16.116506044416287,12,1,Retail,19
M_GOOD,2025-02-06,117863.99557063234,0.5619296228357598,15.576878934425688,14,0,Retail,10
M_GOOD,2025-02-07,108037.53389862736,0.6258598417269506,15.689616624371814,22,0,Retail,17
M_GOOD,2025-02-08,85885.20152387966,0.5502825312695744,7.3129990236140685,14,0,Retail,13
M_GOOD,2025-02-09,106452.39526592768,0.5525777563621932,19.235629556683584,12,0,Retail,8
M_GOOD,2025-02-10,97892.56329857509,0.6009808328846995,17.01858370790046,17,0,Retail,13
M_GOOD,2025-02-11,56019.15289349365,0.5637433453241819,18.732161687586558,10,0,Retail,16
M_GOOD,2025-02-12,107796.04504844405,0.5324277117554014,17.010659691832018,18,0,Retail,13
M_GOOD,2025-02-13,95617.25276030942,0.6074965835031695,13.14019743778531,27,0,Retail,19
M_GOOD,2025-02-14,90375.9567893273,0.6115350452859342,11.219505704482259,11,0,Retail,17
M_GOOD,2025-02-15,69531.455150348,0.5530297108099741,15.064146633314119,16,1,Retail,19
M_GOOD,2025-02-16,110211.55116720854,0.6258771887906135,14.545760309669149,17,0,Retail,16
M_GOOD,2025-02-17,95941.17001462719,0.6309963166197903,11.732759651556586,14,1,Retail,18
M_GOOD,2025-02-18,77418.89208965519,0.6626106454879909,16.96396248872402,15,0,Retail,17
M_GOOD,2025-02-19,86936.76600288207,0.534296634573298,18.261585553185913,15,0,Retail,20
M_GOOD,2025-02-20,82273.60043462408,0.629427663488536,10.205626944348758,17,0,Retail,10
M_GOOD,2025-02-21,80898.18552112606,0.571370666807684,16.60542430636596,18,0,Retail,8
M_GOOD,2025-02-22,90480.25902798965,0.6286046389202461,14.74533054449294,8,0,Retail,8
M_GOOD,2025-02-23,116745.6289593183,0.588971376625958,15.91804319405369,20,1,Retail,11
M_GOOD,2025-02-24,101132.79084821657,0.5896261238658064,16.88587569852365,8,0,Retail,19
M_GOOD,2025-02-25,91085.7944615935,0.5338364488447447,13.177420972960572,18,0,Retail,20
M_GOOD,2025-02-26,127794.99220499728,0.5876487149627001,13.924979543936333,11,0,Retail,18
M_GOOD,2025-02-27,89870.39917577394,0.6307515096886159,6.295428951919263,25,0,Retail,11
M_GOOD,2025-02-28,94455.21449837167,0.6075202719088082,15.301560283524486,17,0,Retail,9
M_GOOD,2025-03-01,56874.07734778491,0.6805085764689303,12.588082803579066,18,1,Retail,13
M_GOOD,2025-03-02,82673.34636731795,0.634315922847835,15.317683359345702,17,0,Retail,10
M_GOOD,2025-03-03,57160.06403982367,0.5619177046930982,14.4546741723512,15,0,Retail,14
M_GOOD,2025-03-04,115398.91621906603,0.5797294996193111,13.917325741726179,1,0,Retail,20
M_GOOD,2025-03-05,74519.75949158629,0.5484992712068446,13.709702388714163,15,0,Retail,18
M_GOOD,2025-03-06,43124.15058071158,0.6099474073398247,16.31021565520053,17,0,Retail,9
M_GOOD,2025-03-07,78246.7561573594,0.6606690699952497,15.189537682669549,21,0,Retail,12
M_GOOD,2025-03-08,79688.30238832052,0.5166694854425041,17.07071040114082,2,0,Retail,17
M_GOOD,2025-03-09,79521.99131177229,0.5705980710770562,14.915729059775932,13,1,Retail,13
M_GOOD,2025-03-10,102228.71909321706,0.5425602982420672,16.998937502727635,17,0,Retail,9
M_GOOD,2025-03-11,74629.08524902153,0.5538237304115635,13.924172041627374,10,2,Retail,11
M_GOOD,2025-03-12,116275.17375068292,0.5139948724526091,13.20472219396932,16,0,Retail,17
M_GOOD,2025-03-13,58529.13018946443,0.6066546867568392,14.025679580162475,26,0,Retail,11
M_GOOD,2025-03-14,73359.05023339915,0.6165083420596483,19.370129850185382,16,0,Retail,10
M_GOOD,2025-03-15,100921.01506445129,0.5908401690639806,16.60351694544165,19,0,Retail,18
M_GOOD,2025-03-16,85060.07951203764,0.6110190791394017,14.385228624677673,14,0,Retail,16
M_GOOD,2025-03-17,66615.9004025808,0.5388894095663539,18.17462114083172,19,0,Retail,14
M_GOOD,2025-03-18,56152.02500775292,0.624658600160086,18.874210644648024,1,0,Retail,11
M_GOOD,2025-03-19,84708.59494204471,0.5964200374070966,10.446378759957572,13,0,Retail,10
M_GOOD,2025-03-20,95515.37738973383,0.6921239522283605,8.001486598427256,21,0,Retail,13
M_GOOD,2025-03-21,97569.81196610615,0.5848522231007841,16.740159745344428,20,0,Retail,9
M_GOOD,2025-03-22,96778.33227250424,0.6404928920818513,13.051824918768764,18,0,Retail,10
M_GOOD,2025-03-23,65781.27294746,0.63410297542884,13.82305569379829,12,0,Retail,12
M_GOOD,2025-03-24,71471.31285272271,0.5323664857078233,10.432922441346326,20,0,Retail,12
M_GOOD,2025-03-25,80355.57366505863,0.5146321021203526,11.650426680154023,21,0,Retail,14
M_GOOD,2025-03-26,92880.32806535017,0.6250891368083772,18.35219644770738,22,0,Retail,10
M_GOOD,2025-03-27,98520.70507246729,0.666782794857228,14.918130181080898,13,1,Retail,9
M_GOOD,2025-03-28,117244.76354375001,0.5693319593740859,13.071728091154325,23,0,Retail,19
M_GOOD,2025-03-29,93126.17963049347,0.5649331404198643,20.116928827576334,15,0,Retail,15
M_GOOD,2025-03-30,93730.81192918099,0.6034672168518125,12.83478733998824,15,0,Retail,13
M_GOOD,2025-03-31,87900.6612167929,0.5638456135182068,13.796823449626842,24,0,Retail,9
M_GOOD,2025-04-01,111418.40515034102,0.6506837870271931,10.27506159170093,19,0,Retail,19
M_GOOD,2025-04-02,87589.99932181711,0.5496510263276679,11.111929139245824,17,1,Retail,12
M_GOOD,2025-04-03,97032.5265767066,0.5336763935844459,18.141953119864347,20,0,Retail,8
M_GOOD,2025-04-04,101181.93384490286,0.591856021127028,17.10397241114623,15,0,Retail,16
M_GOOD,2025-04-05,83063.10010454612,0.6210226238623779,12.406826787257458,14,0,Retail,16
M_GOOD,2025-04-06,61101.62838505716,0.5780497024564385,20.03238879093782,12,0,Retail,15
M_GOOD,2025-04-07,94749.33061933082,0.5237792330939511,18.658510706136735,20,0,Retail,14
M_GOOD,2025-04-08,95296.0343222429,0.5882796099841838,12.648703003240811,11,0,Retail,9
M_GOOD,2025-04-09,88790.7907791116,0.5642120005444624,17.04615619713786,22,0,Retail,9
M_GOOD,2025-04-10,63393.35241957009,0.5434293194368195,14.18813826141619,19,0,Retail,20
M_GOOD,2025-04-11,81464.7751815664,0.6662982337142617,9.969274578092236,15,1,Retail,15
M_GOOD,2025-04-12,86669.26699210553,0.5690222162489158,15.461495748234771,18,0,Retail,8
M_GOOD,2025-04-13,82432.88779749071,0.6681308513306684,15.990427847367219,19,1,Retail,15
M_GOOD,2025-04-14,125865.27635702613,0.5616671706108326,13.35132859227426,19,0,Retail,16
M_GOOD,2025-04-15,97139.34008278837,0.5343069271011311,12.594638541872996,2,0,Retail,19
M_GOOD,2025-04-16,94537.08616869501,0.5811933809512931,20.247672607581464,9,0,Retail,13
M_GOOD,2025-04-17,90764.68570061715,0.549805446039058,17.56817767049112,19,1,Retail,10
M_GOOD,2025-04-18,84036.4491027002,0.5693881632746125,11.744548420326606,10,0,Retail,14
M_GOOD,2025-04-19,105434.52296402224,0.5566690195667934,13.521751341660142,17,0,Retail,12
M_GOOD,2025-04-20,69380.31207601944,0.5318313687639421,17.12290927112546,15,1,Retail,12
M_GOOD,2025-04-21,81455.44014653294,0.651655925769992,19.342760773537286,15,1,Retail,19
M_GOOD,2025-04-22,97561.70082813314,0.6303425296607835,21.169630694488625,9,0,Retail,12
M_GOOD,2025-04-23,118705.2121317045,0.5680569236027814,14.333386011231298,2,0,Retail,14
M_GOOD,2025-04-24,92017.88904284131,0.6872319586629341,14.156941058185243,17,0,Retail,19
M_GOOD,2025-04-25,72486.90397230003,0.6104723466148209,12.991841841686595,9,0,Retail,13
M_GOOD,2025-04-26,74398.98645668784,0.5387116091621199,16.34606930501672,22,1,Retail,16
M_GOOD,2025-04-27,61452.30037971675,0.5060037807430477,20.612895526115345,16,0,Retail,8
M_GOOD,2025-04-28,78877.93556281715,0.5469109473019973,21.70889886254472,21,0,Retail,20
M_GOOD,2025-04-29,89240.37490238322,0.6965719575563528,14.694409816903029,18,1,Retail,8
M_GOOD,2025-04-30,81488.67439770642,0.53577848127962,14.60373898344257,15,0,Retail,12
M_GOOD,2025-05-01,99671.68183579567,0.6667175162974649,16.256594242226942,19,0,Retail,20
M_GOOD,2025-05-02,116355.19029754387,0.6498429386732903,15.841909213470409,23,1,Retail,16
M_GOOD,2025-05-03,85195.73602509723,0.6168374524440394,13.836965449187305,11,0,Retail,20
M_GOOD,2025-05-04,96007.10154411371,0.5851194518941653,14.729625777026966,20,0,Retail,16
M_GOOD,2025-05-05,85037.3605274244,0.647034807191134,16.48849471679381,15,0,Retail,16
M_GOOD,2025-05-06,89341.27447387407,0.6177988561979872,15.877954162201794,15,0,Retail,20
M_GOOD,2025-05-07,56222.051291246265,0.6309855722983068,13.093912833523111,9,0,Retail,18
M_GOOD,2025-05-08,74068.20525299148,0.6728539312768284,13.642314992395912,14,0,Retail,18
M_GOOD,2025-05-09,109982.11691999371,0.5797697927443428,13.831395026158997,20,0,Retail,9
M_GOOD,2025-05-10,94833.61175636656,0.6756504633001994,19.18979067474379,17,0,Retail,14
M_GOOD,2025-05-11,110273.33806783464,0.6386627160658525,12.597057620046876,22,0,Retail,19
M_GOOD,2025-05-12,70213.89149355341,0.5824087913831388,16.917808613570752,7,0,Retail,17
M_GOOD,2025-05-13,93431.44064277044,0.6470655290383741,11.902428289417381,16,0,Retail,20
M_GOOD,2025-05-14,75508.96693781874,0.6752707800254231,11.23399165294152,16,0,Retail,9
M_GOOD,2025-05-15,105311.65802008052,0.5921628962108861,10.882876199101783,15,0,Retail,9
M_GOOD,2025-05-16,87016.11844317381,0.5459126256350579,16.69706123900817,14,0,Retail,13
M_GOOD,2025-05-17,129385.02166719528,0.6265995303805901,12.560963634838883,18,0,Retail,19
M_GOOD,2025-05-18,58231.433085392826,0.5853076481826447,18.118185159126416,17,0,Retail,12
M_GOOD,2025-05-19,99941.39887823141,0.6312815466823001,12.909684544711276,17,0,Retail,12
M_GOOD,2025-05-20,78453.74222223471,0.6227507030691047,14.431814577758358,7,0,Retail,20
M_GOOD,2025-05-21,84012.52826968273,0.6245771060438654,13.385888270587733,15,0,Retail,13
M_GOOD,2025-05-22,65559.19568332403,0.5838717607949011,20.179879519489784,15,0,Retail,20
M_GOOD,2025-05-23,96031.04452351411,0.6158077978591389,16.40780276942558,7,0,Retail,18
M_GOOD,2025-05-24,103622.19623976568,0.6306234397006801,11.94995061427051,13,0,Retail,18
M_GOOD,2025-05-25,84673.46842169607,0.6549688694091226,11.904796260610468,20,0,Retail,18
M_GOOD,2025-05-26,58475.340781778585,0.5236214753095336,13.002439775298228,14,0,Retail,10
M_GOOD,2025-05-27,121837.89209866957,0.5753928242401999,10.937944924504787,12,0,Retail,15
M_GOOD,2025-05-28,63235.15249451189,0.5300740175967408,19.550840369125936,21,0,Retail,12
M_GOOD,2025-05-29,101259.14430295864,0.6442615741494495,13.22293213304384,15,0,Retail,9
M_GOOD,2025-05-30,106887.99595780317,0.5822531274283859,13.441821040756873,15,0,Retail,16
M_GOOD,2025-05-31,66389.71049159789,0.6433816041953068,16.212304965027027,9,0,Retail,15
M_GOOD,2025-06-01,82841.32594967548,0.6909974425274835,17.85779518394672,17,0,Retail,11
M_GOOD,2025-06-02,86775.30436205829,0.5365992896308311,20.717824045372694,12,1,Retail,19
M_GOOD,2025-06-03,44467.91860150255,0.5851696270465101,15.723965804750343,9,0,Retail,11
M_GOOD,2025-06-04,93086.31314207875,0.5849809129740114,15.582608586468737,10,0,Retail,20
M_GOOD,2025-06-05,75466.16277354694,0.5925497400318067,17.794713806043195,16,1,Retail,18
M_GOOD,2025-06-06,97718.23151889704,0.5829446048725642,14.500592615294313,16,0,Retail,15
M_GOOD,2025-06-07,79142.25786988281,0.5681737138412198,17.598959850786173,23,0,Retail,12
M_GOOD,2025-06-08,86716.4220512565,0.5757685617998017,16.029201026777805,16,1,Retail,10
M_GOOD,2025-06-09,115820.40364822897,0.6128565326209311,11.418867037017515,13,0,Retail,9
M_GOOD,2025-06-10,81159.23255144211,0.5857562253315164,14.23146074251386,13,1,Retail,16
M_GOOD,2025-06-11,88888.24440251768,0.6239720759043031,17.623551222397566,11,0,Retail,15
M_GOOD,2025-06-12,81923.10176402822,0.6545217170699554,10.937159836693555,9,1,Retail,17
M_GOOD,2025-06-13,83170.71901825485,0.6166032624582203,17.64355002912602,13,0,Retail,14
M_GOOD,2025-06-14,105319.24585237104,0.6750285684481334,14.771709694164123,8,0,Retail,15
M_GOOD,2025-06-15,64325.17939893466,0.6390681111181256,12.460061253400912,14,0,Retail,17
M_GOOD,2025-06-16,68654.51015165634,0.48390217913290945,16.62552626800895,23,0,Retail,15
M_GOOD,2025-06-17,70576.64099877642,0.6294569679513986,19.550438601389622,16,1,Retail,17
M_GOOD,2025-06-18,89119.8506974661,0.5297405076598212,14.842786648267591,23,0,Retail,10
M_GOOD,2025-06-19,75573.7385268649,0.6165405462629878,14.086770760986564,16,0,Retail,18
M_GOOD,2025-06-20,81151.89914523448,0.6172472500773142,15.78585104802394,8,0,Retail,17
M_GOOD,2025-06-21,85252.58301872511,0.6501325456493914,12.365189778979902,19,0,Retail,15
M_GOOD,2025-06-22,79400.39711870348,0.5581368784475149,13.176374217972546,12,1,Retail,13
M_GOOD,2025-06-23,114872.1101541349,0.6936510311787728,8.868521115233648,19,0,Retail,10
M_GOOD,2025-06-24,112288.28293163577,0.5561503702744723,9.443018702952719,19,1,Retail,16
M_GOOD,2025-06-25,92437.244684705,0.5165780623048686,22.588693516388467,18,0,Retail,20
M_GOOD,2025-06-26,95331.32648515825,0.6187608478578581,19.062057427114567,18,0,Retail,8
M_GOOD,2025-06-27,65124.08419332257,0.6124950854558864,12.000741596735605,11,1,Retail,14
M_GOOD,2025-06-28,73142.88525378727,0.5666110221765557,15.87657818497912,14,0,Retail,8
M_GOOD,2025-06-29,103358.75047877623,0.6499408322389075,19.11635053971711,18,0,Retail,14
M_TOP,2025-01-01,147400.18268624178,0.830365368168002,7.350766475022234,24,0,Retail,12
M_TOP,2025-01-02,151971.29016062026,0.7796261414292569,10.10397501370328,9,0,Retail,19
M_TOP,2025-01-03,140237.50911555055,0.8000922977615503,8.169008860436362,12,0,Retail,13
M_TOP,2025-01-04,138339.14886211642,0.8346662345166301,6.714964280882414,4,0,Retail,16
M_TOP,2025-01-05,127242.39454992482,0.8375289583760883,6.751416785344238,9,0,Retail,10
M_TOP,2025-01-06,141969.97369475666,0.817922680910481,5.80713117285358,18,0,Retail,12
M_TOP,2025-01-07,128483.01987225469,0.7471333591412636,6.7036288720278385,22,0,Retail,8
M_TOP,2025-01-08,139459.07976131042,0.7397653358585944,9.516212820292992,15,0,Retail,8
M_TOP,2025-01-09,133568.49814058118,0.8273036756568556,10.620549273409253,7,0,Retail,11
M_TOP,2025-01-10,136661.38757657513,0.8477650279118877,10.628140377589382,22,2,Retail,17
M_TOP,2025-01-11,139424.4377979051,0.7781370297311151,10.550616101393704,12,0,Retail,15
M_TOP,2025-01-12,154931.40450514268,0.8013901457869971,7.773861162731702,18,0,Retail,18
M_TOP,2025-01-13,133568.98645486144,0.8149195923283152,7.83440529713787,17,0,Retail,17
M_TOP,2025-01-14,153964.4673296315,0.8362599736336592,5.611951804352367,12,0,Retail,10
M_TOP,2025-01-15,135766.25218762745,0.887368159895778,10.796574692781155,13,1,Retail,14
M_TOP,2025-01-16,134349.97735424497,0.7468516671987503,7.56659475410062,10,0,Retail,10
M_TOP,2025-01-17,137458.395061806,0.7057606820491864,8.687942385303941,23,0,Retail,17
M_TOP,2025-01-18,161705.1421742467,0.7187601004948506,4.372896809032444,13,0,Retail,12
M_TOP,2025-01-19,143834.13312199435,0.7934525388907764,5.262837642462831,15,1,Retail,15
M_TOP,2025-01-20,160987.38154169705,0.8144361831412512,3.035337691315112,10,0,Retail,14
M_TOP,2025-01-21,162212.54224998527,0.764224159037084,5.805372291141028,13,0,Retail,12
M_TOP,2025-01-22,152233.6511376956,0.7660279538534144,9.270025845825726,25,0,Retail,17
M_TOP,2025-01-23,160164.59532725022,0.8395250680330862,3.2980125394264164,16,0,Retail,16
M_TOP,2025-01-24,141381.7953579918,0.779006826945684,3.48537202151262,15,1,Retail,8
M_TOP,2025-01-25,157290.54434126455,0.7226348005530818,11.248073161661221,12,1,Retail,13
M_TOP,2025-01-26,152112.64449836122,0.8094848465608832,4.44708514694264,15,1,Retail,20
M_TOP,2025-01-27,143232.61712386503,0.8275870399955461,11.600785249216488,12,1,Retail,18
M_TOP,2025-01-28,139282.2820139139,0.8448487219310238,6.400085799716388,16,0,Retail,9
M_TOP,2025-01-29,149597.52234436412,0.7743080691578614,4.558034097054979,13,0,Retail,9
M_TOP,2025-01-30,158080.93464078763,0.7894362372424844,6.680111262780271,17,0,Retail,10
M_TOP,2025-01-31,165478.01973802247,0.8672901633681435,10.211757598829594,9,1,Retail,19
M_TOP,2025-02-01,156382.34899860344,0.8598623461822614,3.884978908308602,11,0,Retail,11
M_TOP,2025-02-02,176024.04863755213,0.7571613953086604,6.333359661539401,16,0,Retail,11
M_TOP,2025-02-03,143144.0369093348,0.8027339704240881,8.29720722777023,7,0,Retail,10
M_TOP,2025-02-04,150213.66246020567,0.7211824145550283,9.06064358959603,13,1,Retail,10
M_TOP,2025-02-05,127236.94301976908,0.7501982436148669,6.4940848779059195,13,0,Retail,9
M_TOP,2025-02-06,139004.50506714016,0.8909030961278913,10.32546648210435,17,0,Retail,12
M_TOP,2025-02-07,144048.8253150844,0.7867112151772861,8.00843154705837,22,0,Retail,15
M_TOP,2025-02-08,124170.4055380092,0.818115922936778,7.568124818635966,16,1,Retail,10
M_TOP,2025-02-09,158071.99446852697,0.8415253978830044,4.8033959303091684,20,0,Retail,10
M_TOP,2025-02-10,169620.17873492668,0.7410591679887601,12.040009171264597,12,0,Retail,18
M_TOP,2025-02-11,147326.70779422144,0.7317876122391045,2.6916242140502167,11,0,Retail,17
M_TOP,2025-02-12,130602.87684362028,0.8286195155587839,9.351810238587616,5,0,Retail,19
M_TOP,2025-02-13,152802.0658871648,0.7472454745837558,12.171567714803174,13,0,Retail,17
M_TOP,2025-02-14,166249.09865199326,0.7716796628518757,6.262399526836029,13,0,Retail,12
M_TOP,2025-02-15,144395.06882603746,0.7746364294703094,6.218290483939093,14,0,Retail,8
M_TOP,2025-02-16,139629.38253879096,0.8522567274192135,10.46992835631255,9,0,Retail,11
M_TOP,2025-02-17,150619.88448405926,0.8221501065223689,10.854649311722127,9,0,Retail,14
M_TOP,2025-02-18,150593.85794666925,0.7447371789424717,4.514202525031266,13,0,Retail,8
M_TOP,2025-02-19,159534.9239512644,0.7725625433292591,2.0436169387467134,11,1,Retail,14
M_TOP,2025-02-20,160160.39282529632,0.7612482905288138,7.9671864889514135,11,0,Retail,10
M_TOP,2025-02-21,179061.82345407637,0.7921980116653409,3.6271769630134774,16,0,Retail,12
M_TOP,2025-02-22,140902.4491767639,0.8227952097585352,6.622729069343025,11,0,Retail,13
M_TOP,2025-02-23,148826.42111485102,0.7955438435233384,8.941297769925162,21,0,Retail,9
M_TOP,2025-02-24,157877.85585506592,0.7431096420173183,9.570185050706046,13,1,Retail,11
M_TOP,2025-02-25,162936.50114333036,0.8170254046371013,6.6842428679459704,16,0,Retail,9
M_TOP,2025-02-26,133444.95257204445,0.7834605387836222,5.659402612647612,21,0,Retail,20
M_TOP,2025-02-27,153688.45240369358,0.6523462449674365,11.722638716140708,11,0,Retail,10
M_TOP,2025-02-28,124729.48959021262,0.6967651255020624,12.619222288027636,20,0,Retail,14
M_TOP,2025-03-01,152777.6330524487,0.8212722432092087,8.666869567402562,21,0,Retail,17
M_TOP,2025-03-02,124960.65979689025,0.8079938317007089,5.401413203919704,1,0,Retail,19
M_TOP,2025-03-03,159926.84182036103,0.8318924053257991,8.850770034568498,27,0,Retail,18
M_TOP,2025-03-04,143203.41198028933,0.8447361757323569,10.704870128178092,23,0,Retail,9
M_TOP,2025-03-05,124193.31584644932,0.8913840491474849,10.753903011999085,11,0,Retail,19
M_TOP,2025-03-06,147584.07745479298,0.8202520271718594,11.716087307193197,21,0,Retail,13
M_TOP,2025-03-07,154256.2653549225,0.7506063329549626,5.459447101623907,21,0,Retail,9
M_TOP,2025-03-08,135001.50110604448,0.7881406130793968,8.236783457216662,13,0,Retail,11
M_TOP,2025-03-09,172940.50212522218,0.7952357326427498,11.583690293552387,19,0,Retail,9
M_TOP,2025-03-10,153286.65900051614,0.8038572392941563,12.866579304648287,24,0,Retail,17
M_TOP,2025-03-11,168244.68059024104,0.8083569606605315,8.790707220606453,13,1,Retail,13
M_TOP,2025-03-12,156619.6072754887,0.7633421901445002,8.68698917737802,5,0,Retail,11
M_TOP,2025-03-13,126117.84708308509,0.8437088458619162,9.121305284280483,20,0,Retail,14
M_TOP,2025-03-14,159789.69610765617,0.7431156271724634,11.63782471226137,23,0,Retail,13
M_TOP,2025-03-15,159486.6369955177,0.8144976220374924,8.606867169158866,13,1,Retail,13
M_TOP,2025-03-16,153471.6888378836,0.8323244768862885,7.352997087357103,10,0,Retail,18
M_TOP,2025-03-17,159545.48591629395,0.7836339901862572,4.543491861439944,15,0,Retail,15
M_TOP,2025-03-18,151846.59126881414,0.8462167141495891,6.6687934554185295,20,0,Retail,12
M_TOP,2025-03-19,129166.37743456339,0.7702448280676139,7.151339838441124,11,0,Retail,18
M_TOP,2025-03-20,138064.65355507086,0.7908076559639061,2.1118772599746904,13,0,Retail,8
M_TOP,2025-03-21,175145.89540812303,0.7527246560028635,4.539948468212122,20,0,Retail,10
M_TOP,2025-03-22,162642.46867092646,0.8603240077707528,8.568691569303894,10,0,Retail,14
M_TOP,2025-03-23,149998.2127716136,0.8541670218955658,10.235091688738398,22,0,Retail,19
M_TOP,2025-03-24,138686.9087790743,0.8524105134380865,12.33413748309285,14,0,Retail,15
M_TOP,2025-03-25,149191.42726491392,0.7508848209811343,11.365573568691413,26,0,Retail,10
M_TOP,2025-03-26,138739.46959445553,0.7977619846193914,7.777260002046918,14,1,Retail,9
M_TOP,2025-03-27,179562.96406076697,0.7990265650461452,5.486871704315091,9,0,Retail,8
M_TOP,2025-03-28,150578.8779409842,0.8205591079792145,5.902045376517014,20,1,Retail,12
M_TOP,2025-03-29,134604.4618850116,0.8615000286359575,5.105883722747856,23,0,Retail,17
M_TOP,2025-03-30,160183.96935088918,0.7931502255278772,6.441810884521621,13,0,Retail,16
M_TOP,2025-03-31,141092.82887896942,0.7917184294841184,8.235731089157449,4,0,Retail,19
M_TOP,2025-04-01,132700.01395191383,0.7156327826444645,2.6183225063963294,8,0,Retail,13
M_TOP,2025-04-02,142111.80486157193,0.8088875053134016,9.201444159518985,15,0,Retail,17
M_TOP,2025-04-03,152726.47024799645,0.7145345177396095,5.484220541108408,12,0,Retail,11
M_TOP,2025-04-04,137394.1269569184,0.8338220908247386,8.242374889165937,11,0,Retail,16
M_TOP,2025-04-05,137166.49145365081,0.7486031619463331,13.966304071743638,16,0,Retail,16
M_TOP,2025-04-06,126345.05276713504,0.7598587778024579,7.778081409216866,14,0,Retail,11
M_TOP,2025-04-07,157327.42008679864,0.9180805722002345,7.014013954513112,5,0,Retail,13
M_TOP,2025-04-08,184071.74618134194,0.779780128840802,9.4742883581606,17,0,Retail,14
M_TOP,2025-04-09,132484.0996858461,0.8589114046441282,12.625018435389102,7,0,Retail,10
M_TOP,2025-04-10,189503.06910047407,0.8265872441562829,8.56028616454472,17,0,Retail,12
M_TOP,2025-04-11,157927.7682659239,0.8640696274491418,10.522516278099971,13,0,Retail,20
M_TOP,2025-04-12,139875.9897181417,0.7798462005467485,13.974659906614203,10,0,Retail,13
M_TOP,2025-04-13,146692.70768748882,0.7867692648313935,12.855143986543506,13,1,Retail,19
M_TOP,2025-04-14,154887.61278221887,0.8604173908786782,11.424392953916753,12,0,Retail,19
M_TOP,2025-04-15,149143.5508374592,0.8366822573340649,7.090307227871397,14,0,Retail,14
M_TOP,2025-04-16,129839.33057292234,0.8252663250039033,11.30878319822798,24,0,Retail,12
M_TOP,2025-04-17,171005.99692192924,0.827711235197302,3.366867939954841,15,0,Retail,14
M_TOP,2025-04-18,131755.1125080735,0.7894916546104049,6.448450748581795,12,0,Retail,13
M_TOP,2025-04-19,165453.60319305412,0.7833187724102976,5.513217160985314,11,0,Retail,10
M_TOP,2025-04-20,175435.84316716297,0.8948644347386556,8.470081184739573,20,1,Retail,16
M_TOP,2025-04-21,110263.5068509941,0.8675751451728061,10.735295968526009,6,0,Retail,8
M_TOP,2025-04-22,125435.92623814993,0.8059800131333552,8.95748087027597,15,0,Retail,20
M_TOP,2025-04-23,146061.89515076907,0.7749317290258024,5.113432460057945,17,0,Retail,15
M_TOP,2025-04-24,145467.29119526068,0.6698431456086351,6.916068314098128,14,0,Retail,16
M_TOP,2025-04-25,172952.92798295026,0.8332463581150871,5.2263076568657,7,0,Retail,16
M_TOP,2025-04-26,152071.9755960408,0.7736130887985937,9.212175852378254,8,0,Retail,19
M_TOP,2025-04-27,147252.7429342006,0.7821663432910064,11.541922737356433,11,2,Retail,12
M_TOP,2025-04-28,151685.43190388705,0.8022794851751505,7.767915957142493,23,0,Retail,18
M_TOP,2025-04-29,141038.64952285157,0.8538950869726663,6.337834119761649,22,0,Retail,10
M_TOP,2025-04-30,138597.289031569,0.801925349124788,8.91836210303588,18,0,Retail,13
M_TOP,2025-05-01,157541.17211236223,0.6753364589834961,5.103005589430376,23,0,Retail,19
M_TOP,2025-05-02,157628.48816037478,0.8815290985165032,4.878635103158215,14,0,Retail,13
M_TOP,2025-05-03,170521.47722645718,0.7415629485753438,0.11880392957550168,12,0,Retail,18
M_TOP,2025-05-04,131317.19115747997,0.7635029527048977,4.680141767956174,17,0,Retail,19
M_TOP,2025-05-05,160184.20481643348,0.759379882553129,7.85291197748589,14,0,Retail,11
M_TOP,2025-05-06,134363.07574603148,0.8613211082266852,6.364670029329989,22,0,Retail,15
M_TOP,2025-05-07,146067.82284198143,0.9220752171084734,6.80557396823459,11,0,Retail,8
M_TOP,2025-05-08,136074.4249526667,0.8283878538543035,5.568305871123904,6,1,Retail,20
M_TOP,2025-05-09,159608.1440261216,0.8061539100828091,7.660615842452779,8,0,Retail,9
M_TOP,2025-05-10,136659.72010381188,0.8689142046811338,6.911730401601332,12,0,Retail,16
M_TOP,2025-05-11,164043.13514369924,0.809240515124487,11.75926675190623,16,0,Retail,13
M_TOP,2025-05-12,152165.15200945042,0.8413320767694948,6.283417789119669,11,0,Retail,14
M_TOP,2025-05-13,133185.62662190464,0.6990623146708355,12.805842519537189,23,0,Retail,16
M_TOP,2025-05-14,151068.8062486634,0.7353246187397953,5.912915368408807,10,0,Retail,16
M_TOP,2025-05-15,126165.79075625836,0.8740054395977308,6.761025097730769,18,0,Retail,8
M_TOP,2025-05-16,148389.67813928975,0.8499709516338956,13.709878063181481,18,0,Retail,20
M_TOP,2025-05-17,144037.31041635206,0.7842108811779915,3.775689878561325,20,0,Retail,12
M_TOP,2025-05-18,122801.50070995431,0.7470694704735401,14.036102392881832,15,1,Retail,14
M_TOP,2025-05-19,150510.41116608348,0.8055686300920026,7.462720144951531,16,0,Retail,14
M_TOP,2025-05-20,147424.2365010567,0.7914014196853663,6.795176868028612,14,0,Retail,16
M_TOP,2025-05-21,157966.4490342691,0.8811249170450507,8.066611803627909,7,0,Retail,9
M_TOP,2025-05-22,140295.82243125577,0.7491719560493826,4.267474661966503,23,0,Retail,15
M_TOP,2025-05-23,157263.86349891452,0.8266873051870787,11.356476961119263,11,0,Retail,10
M_TOP,2025-05-24,148144.00979850366,0.8228902804962893,6.509203924646066,14,0,Retail,15
M_TOP,2025-05-25,144607.6681469457,0.9251898113634387,10.340378017621456,15,1,Retail,17
M_TOP,2025-05-26,141525.27133451885,0.821160618722851,8.994455786065277,15,0,Retail,16
M_TOP,2025-05-27,152295.33890588826,0.7798405366723106,5.741733952625668,11,0,Retail,19
M_TOP,2025-05-28,155600.22839567097,0.8156189105233286,11.578205496249243,8,0,Retail,15
M_TOP,2025-05-29,144111.8616265354,0.8346059752544246,9.893651601485582,17,1,Retail,20
M_TOP,2025-05-30,162682.8914982782,0.8575609820392808,9.660090706317868,13,0,Retail,15
M_TOP,2025-05-31,149076.69993097207,0.7978905149769733,9.514137096951682,12,0,Retail,8
M_TOP,2025-06-01,159046.4202742325,0.7574732360626478,15.455569750036675,16,0,Retail,12
M_TOP,2025-06-02,147743.0340026539,0.8333830396323462,13.555645675801616,13,1,Retail,8
M_TOP,2025-06-03,138285.67212201082,0.7788112272196004,3.342458023141339,19,0,Retail,13
M_TOP,2025-06-04,163644.3169712851,0.7811544837795076,10.27727118616519,9,0,Retail,20
M_TOP,2025-06-05,164947.8695084487,0.7635167688089437,4.932243949183726,13,0,Retail,8
M_TOP,2025-06-06,152832.6953569637,0.7162907150593049,6.89090883208674,13,0,Retail,14
M_TOP,2025-06-07,198646.394543921,0.9153958125308056,7.45565279225745,14,0,Retail,15
M_TOP,2025-06-08,115890.74686145183,0.9067481469839698,11.724176993939567,13,1,Retail,9
M_TOP,2025-06-09,135068.94595462878,0.8913630752478507,3.0338933557825953,13,0,Retail,12
M_TOP,2025-06-10,168295.6612483529,0.8398046352999284,10.575855194228046,12,0,Retail,10
M_TOP,2025-06-11,128863.39608366034,0.7795682043731665,9.436456244639226,18,0,Retail,13
M_TOP,2025-06-12,158921.6789373688,0.8184080847526729,5.22864069142112,18,0,Retail,11
M_TOP,2025-06-13,117344.02430335718,0.8089238331942695,12.286573123440702,7,0,Retail,16
M_TOP,2025-06-14,154245.6723020472,0.8084464495685427,7.226032084478193,13,0,Retail,15
M_TOP,2025-06-15,148402.6817522918,0.7773103757417958,6.278209976097926,20,0,Retail,14
M_TOP,2025-06-16,152984.947706879,0.8083054571968943,10.112531367443406,20,0,Retail,9
M_TOP,2025-06-17,154160.37692947013,0.7988860510408143,8.966246932300956,14,0,Retail,13
M_TOP,2025-06-18,155048.8005213342,0.8123007982088017,11.07349684659646,13,0,Retail,17
M_TOP,2025-06-19,128682.70289781567,0.774143145977562,6.423833391089163,20,1,Retail,13
M_TOP,2025-06-20,151733.9699559558,0.7441797610024985,7.118785740325775,8,0,Retail,19
M_TOP,2025-06-21,122532.82682492475,0.738577808436712,1.7732359727644003,14,0,Retail,9
M_TOP,2025-06-22,134155.0800104139,0.7470748139502095,5.238251317982363,12,0,Retail,13
M_TOP,2025-06-23,135243.09123463766,0.8495399044176104,7.722975911024443,8,0,Retail,19
M_TOP,2025-06-24,138090.94988842748,0.6612731567282804,7.033960468376491,13,1,Retail,18
M_TOP,2025-06-25,150802.84196848568,0.8121468677212854,11.166610920948258,15,1,Retail,14
M_TOP,2025-06-26,174630.36322567417,0.8376812142635992,7.294621002352665,8,1,Retail,13
M_TOP,2025-06-27,161855.67787564278,0.8650263429298004,8.490216422067212,9,0,Retail,9
M_TOP,2025-06-28,140668.08244114928,0.7723156128985168,10.704653769724294,20,1,Retail,18
M_TOP,2025-06-29,144001.51406803294,0.8134647376290367,7.8653209096323895,15,0,Retail,17
